node_count,compilation_time,keygen_time
4,23.655520999454893,48.07126300147502
12,1860.7288080002036,362.63910600064264
24,34204.95753900104,1412.991735000105
32,114654.30423399994,2370.599615000174
