node_count,compilation_time,keygen_time
4,23.06410399978631,50.522972000180744
12,1875.5988539996906,367.2861360009847
20,16051.045871001406,978.5154250002961
