node_count,compilation_time,keygen_time
4,28.941972999746213,58.286252000470995
