node_count,compilation_time,keygen_time
5,50.88339000030828,60.61310399991271
10,1033.862592999867,249.575238000034
15,4583.208135999939,503.68919399988954
20,15347.138754000298,872.0926969999709
