node_count,compilation_time,keygen_time
4,22.088771000198903,44.93175800052995
12,1925.5115520008985,366.8562619986915
24,34627.13305299985,1426.300409999385
32,116654.63541999998,2413.4088270002394
