node_count,compilation_time,keygen_time
4,23.68219999880239,49.21666000154801
12,1877.4597750016255,363.3827069988911
20,15964.690901999347,973.6912789994676
